<?xml version="1.0" encoding="UTF-8"?>
<project-private xmlns="http://www.netbeans.org/ns/project-private/1">
    <editor-bookmarks xmlns="http://www.netbeans.org/ns/editor-bookmarks/2" lastBookmarkId="0"/>
    <open-files xmlns="http://www.netbeans.org/ns/projectui-open-files/2">
        <group>
            <file>file:/C:/Users/Rajesh%20Nadiminti/Documents/AED/Project/AED%20Project/src/Business/Role/PharmacyRole.java</file>
            <file>file:/C:/Users/Rajesh%20Nadiminti/Documents/AED/Project/AED%20Project/src/Business/VitalSigns/VitalSign.java</file>
            <file>file:/C:/Users/Rajesh%20Nadiminti/Documents/AED/Project/AED%20Project/src/Business/WorkQueue/WorkQueue.java</file>
            <file>file:/C:/Users/Rajesh%20Nadiminti/Documents/AED/Project/AED%20Project/src/UserInterface/Patient/MyMedicineJPanel.java</file>
            <file>file:/C:/Users/Rajesh%20Nadiminti/Documents/AED/Project/AED%20Project/src/Business/EcoSystem.java</file>
            <file>file:/C:/Users/Rajesh%20Nadiminti/Documents/AED/Project/AED%20Project/src/Business/Enterprise/PharmacyEnterprise.java</file>
            <file>file:/C:/Users/Rajesh%20Nadiminti/Documents/AED/Project/AED%20Project/src/UserInterface/SystemAdmin/SystemAdminWorkAreaJPanel.java</file>
            <file>file:/C:/Users/Rajesh%20Nadiminti/Documents/AED/Project/AED%20Project/src/UserInterface/InsuranceCompany/InsuranceReportsJPanel.java</file>
            <file>file:/C:/Users/Rajesh%20Nadiminti/Documents/AED/Project/AED%20Project/src/UserInterface/PharmacyStore/ViewPharmacyReportsJPanel.java</file>
            <file>file:/C:/Users/Rajesh%20Nadiminti/Documents/AED/Project/AED%20Project/src/Business/LabTestWorkRequest/LabTestWorkRequest.java</file>
            <file>file:/C:/Users/Rajesh%20Nadiminti/Documents/AED/Project/AED%20Project/src/Business/Role/BloodBankRole.java</file>
            <file>file:/C:/Users/Rajesh%20Nadiminti/Documents/AED/Project/AED%20Project/src/UserInterface/Patient/MyReportsJPanel.java</file>
            <file>file:/C:/Users/Rajesh%20Nadiminti/Documents/AED/Project/AED%20Project/src/UserInterface/SysadminReports/MostPopularMedicineJPanel.java</file>
            <file>file:/C:/Users/Rajesh%20Nadiminti/Documents/AED/Project/AED%20Project/src/Business/Organization/OrganizationDirectory.java</file>
            <file>file:/C:/Users/Rajesh%20Nadiminti/Documents/AED/Project/AED%20Project/src/Business/Organization/NewOrganization.java</file>
            <file>file:/C:/Users/Rajesh%20Nadiminti/Documents/AED/Project/AED%20Project/src/Business/LabTestList/LabTestDirectory.java</file>
            <file>file:/C:/Users/Rajesh%20Nadiminti/Documents/AED/Project/AED%20Project/src/UserInterface/Pharmacy/ManageOrganizationPharmaJPanel.java</file>
            <file>file:/C:/Users/Rajesh%20Nadiminti/Documents/AED/Project/AED%20Project/src/Business/Role/LabRole.java</file>
            <file>file:/C:/Users/Rajesh%20Nadiminti/Documents/AED/Project/AED%20Project/src/Business/Organization/ReceptionistOrganization.java</file>
            <file>file:/C:/Users/Rajesh%20Nadiminti/Documents/AED/Project/AED%20Project/src/Business/Enterprise/Enterprise.java</file>
            <file>file:/C:/Users/Rajesh%20Nadiminti/Documents/AED/Project/AED%20Project/src/Business/Network/Network.java</file>
            <file>file:/C:/Users/Rajesh%20Nadiminti/Documents/AED/Project/AED%20Project/src/UserInterface/Patient/MyAppointmentsJPanel.java</file>
            <file>file:/C:/Users/Rajesh%20Nadiminti/Documents/AED/Project/AED%20Project/src/UserInterface/Laboratory/LaboratoryWorkAreaJPanel.java</file>
            <file>file:/C:/Users/Rajesh%20Nadiminti/Documents/AED/Project/AED%20Project/src/Business/Email/Email.java</file>
            <file>file:/C:/Users/Rajesh%20Nadiminti/Documents/AED/Project/AED%20Project/src/Business/Organization/AmbulanceOrganization.java</file>
            <file>file:/C:/Users/Rajesh%20Nadiminti/Documents/AED/Project/AED%20Project/src/Business/Role/SystemAdminRole.java</file>
            <file>file:/C:/Users/Rajesh%20Nadiminti/Documents/AED/Project/AED%20Project/src/UserInterface/InsuranceCompany/InsuranceCompanyWorkAreaJPanel.java</file>
            <file>file:/C:/Users/Rajesh%20Nadiminti/Documents/AED/Project/AED%20Project/src/Business/Role/PharmacistAdminRole.java</file>
            <file>file:/C:/Users/Rajesh%20Nadiminti/Documents/AED/Project/AED%20Project/src/UserInterface/Pharmacy/PharmacyWorkAreaJPanel.java</file>
            <file>file:/C:/Users/Rajesh%20Nadiminti/Documents/AED/Project/AED%20Project/src/Business/Ambulance/AmbulanceWorkrequest.java</file>
            <file>file:/C:/Users/Rajesh%20Nadiminti/Documents/AED/Project/AED%20Project/src/UserInterface/BloodBank/BloodRequestsJPanel.java</file>
            <file>file:/C:/Users/Rajesh%20Nadiminti/Documents/AED/Project/AED%20Project/src/Business/Role/BloodBankAdminRole.java</file>
            <file>file:/C:/Users/Rajesh%20Nadiminti/Documents/AED/Project/AED%20Project/src/UserInterface/Ambulance/CheckForRequestsJPanel.java</file>
            <file>file:/C:/Users/Rajesh%20Nadiminti/Documents/AED/Project/AED%20Project/src/Business/Organization/BloodBankOrganization.java</file>
            <file>file:/C:/Users/Rajesh%20Nadiminti/Documents/AED/Project/AED%20Project/src/Business/LabTestWorkRequest/LabTestWorkQueue.java</file>
            <file>file:/C:/Users/Rajesh%20Nadiminti/Documents/AED/Project/AED%20Project/src/Business/Prescription/PrescriptionDirectory.java</file>
            <file>file:/C:/Users/Rajesh%20Nadiminti/Documents/AED/Project/AED%20Project/src/UserInterface/Patient/MyVitalSignsJPanel.java</file>
            <file>file:/C:/Users/Rajesh%20Nadiminti/Documents/AED/Project/AED%20Project/src/Business/Prescription/Prescription.java</file>
            <file>file:/C:/Users/Rajesh%20Nadiminti/Documents/AED/Project/AED%20Project/src/UserInterface/Receptionist/AppointmentRequestbyPatientJPanel.java</file>
            <file>file:/C:/Users/Rajesh%20Nadiminti/Documents/AED/Project/AED%20Project/src/UserInterface/Ambulance/AmbulanceWokAreaJPanel.java</file>
            <file>file:/C:/Users/Rajesh%20Nadiminti/Documents/AED/Project/AED%20Project/src/Business/Enterprise/InsuranceEnterprise.java</file>
            <file>file:/C:/Users/Rajesh%20Nadiminti/Documents/AED/Project/AED%20Project/src/Business/Drugs/DrugDirectory.java</file>
            <file>file:/C:/Users/Rajesh%20Nadiminti/Documents/AED/Project/AED%20Project/src/UserInterface/SystemAdmin/ManageEnterpriseJPanel.java</file>
            <file>file:/C:/Users/Rajesh%20Nadiminti/Documents/AED/Project/AED%20Project/src/Business/Organization/SensorOrganization.java</file>
            <file>file:/C:/Users/Rajesh%20Nadiminti/Documents/AED/Project/AED%20Project/src/Business/Role/ReceptionistRole.java</file>
            <file>file:/C:/Users/Rajesh%20Nadiminti/Documents/AED/Project/AED%20Project/src/UserInterface/Patient/RequestForApointmentJPanel.java</file>
            <file>file:/C:/Users/Rajesh%20Nadiminti/Documents/AED/Project/AED%20Project/src/Business/UserAccount/UserAccount.java</file>
            <file>file:/C:/Users/Rajesh%20Nadiminti/Documents/AED/Project/AED%20Project/src/UserInterface/Receptionist/ReceptionistWorkAreaJPanel.java</file>
            <file>file:/C:/Users/Rajesh%20Nadiminti/Documents/AED/Project/AED%20Project/src/UserInterface/SystemAdmin/ManageNetworksJPanel.java</file>
            <file>file:/C:/Users/Rajesh%20Nadiminti/Documents/AED/Project/AED%20Project/src/Business/Organization/PharmacyOrganization.java</file>
            <file>file:/C:/Users/Rajesh%20Nadiminti/Documents/AED/Project/AED%20Project/src/Business/Role/PatientRole.java</file>
            <file>file:/C:/Users/Rajesh%20Nadiminti/Documents/AED/Project/AED%20Project/src/UserInterface/Admin/ManageNewDepartmentsJPanel.java</file>
            <file>file:/C:/Users/Rajesh%20Nadiminti/Documents/AED/Project/AED%20Project/src/UserInterface/SysadminReports/PatientRankingJPanel.java</file>
            <file>file:/C:/Users/Rajesh%20Nadiminti/Documents/AED/Project/AED%20Project/src/Business/Sensors/Sensor.java</file>
            <file>file:/C:/Users/Rajesh%20Nadiminti/Documents/AED/Project/AED%20Project/src/UserInterface/Doctor/processAppointmentJPanel.java</file>
            <file>file:/C:/Users/Rajesh%20Nadiminti/Documents/AED/Project/AED%20Project/src/Business/InsuranceWorkQueue/InsuraceWorkQueue.java</file>
            <file>file:/C:/Users/Rajesh%20Nadiminti/Documents/AED/Project/AED%20Project/src/Business/ConfigureBusiness.java</file>
            <file>file:/C:/Users/Rajesh%20Nadiminti/Documents/AED/Project/AED%20Project/src/Business/WorkQueue/WorkRequest.java</file>
            <file>file:/C:/Users/Rajesh%20Nadiminti/Documents/AED/Project/AED%20Project/src/UserInterface/Laboratory/ManageOrganizationLaboratoryJPanel.java</file>
            <file>file:/C:/Users/Rajesh%20Nadiminti/Documents/AED/Project/AED%20Project/src/Business/Appointments/Appointment.java</file>
            <file>file:/C:/Users/Rajesh%20Nadiminti/Documents/AED/Project/AED%20Project/src/UserInterface/PharmacyStore/CheckAndProcessOrdersJPanel.java</file>
            <file>file:/C:/Users/Rajesh%20Nadiminti/Documents/AED/Project/AED%20Project/src/Business/BloodBankStores/BloodDirectory.java</file>
            <file>file:/C:/Users/Rajesh%20Nadiminti/Documents/AED/Project/AED%20Project/src/UserInterface/BloodBank/BloodBankWorkAreaJPanel.java</file>
            <file>file:/C:/Users/Rajesh%20Nadiminti/Documents/AED/Project/AED%20Project/src/Business/Organization/PatientOrganization.java</file>
            <file>file:/C:/Users/Rajesh%20Nadiminti/Documents/AED/Project/AED%20Project/src/Business/Enterprise/HospitalEnterprise.java</file>
            <file>file:/C:/Users/Rajesh%20Nadiminti/Documents/AED/Project/AED%20Project/src/Business/Role/AmbulanceRole.java</file>
            <file>file:/C:/Users/Rajesh%20Nadiminti/Documents/AED/Project/AED%20Project/src/Business/Role/InssuranceAdminRole.java</file>
            <file>file:/C:/Users/Rajesh%20Nadiminti/Documents/AED/Project/AED%20Project/src/Business/InsuranceWorkQueue/InsuranceWorkRequest.java</file>
            <file>file:/C:/Users/Rajesh%20Nadiminti/Documents/AED/Project/AED%20Project/src/Business/Insurance/Insurance.java</file>
            <file>file:/C:/Users/Rajesh%20Nadiminti/Documents/AED/Project/AED%20Project/src/Business/Enterprise/LaboratoryEnterprise.java</file>
            <file>file:/C:/Users/Rajesh%20Nadiminti/Documents/AED/Project/AED%20Project/src/UserInterface/Admin/ManageUserJPanel.java</file>
            <file>file:/C:/Users/Rajesh%20Nadiminti/Documents/AED/Project/AED%20Project/src/UserInterface/PharmacyStore/PharmacyStoresWorkAreaJPanel.java</file>
            <file>file:/C:/Users/Rajesh%20Nadiminti/Documents/AED/Project/AED%20Project/src/Business/Role/LaboratoryAdminRole.java</file>
            <file>file:/C:/Users/Rajesh%20Nadiminti/Documents/AED/Project/AED%20Project/src/Business/BloodBankStores/Blood.java</file>
            <file>file:/C:/Users/Rajesh%20Nadiminti/Documents/AED/Project/AED%20Project/src/Business/Department/Department.java</file>
            <file>file:/C:/Users/Rajesh%20Nadiminti/Documents/AED/Project/AED%20Project/src/UserInterface/BloodBank/ManageOrganizationBloodBankJPanel.java</file>
            <file>file:/C:/Users/Rajesh%20Nadiminti/Documents/AED/Project/AED%20Project/src/UserInterface/Doctor/AskForBloodJPanel.java</file>
            <file>file:/C:/Users/Rajesh%20Nadiminti/Documents/AED/Project/AED%20Project/src/Business/Department/DepartmentDirectory.java</file>
            <file>file:/C:/Users/Rajesh%20Nadiminti/Documents/AED/Project/AED%20Project/src/Business/Drugs/Drug.java</file>
            <file>file:/C:/Users/Rajesh%20Nadiminti/Documents/AED/Project/AED%20Project/src/Business/VitalSigns/VitalSignHistory.java</file>
            <file>file:/C:/Users/Rajesh%20Nadiminti/Documents/AED/Project/AED%20Project/src/Business/Employee/Employee.java</file>
            <file>file:/C:/Users/Rajesh%20Nadiminti/Documents/AED/Project/AED%20Project/src/Business/Ambulance/AmbulanceWorkQueue.java</file>
            <file>file:/C:/Users/Rajesh%20Nadiminti/Documents/AED/Project/AED%20Project/src/UserInterface/Doctor/ListofTestsJPanel.java</file>
            <file>file:/C:/Users/Rajesh%20Nadiminti/Documents/AED/Project/AED%20Project/src/Business/Employee/EmployeeDirectory.java</file>
            <file>file:/C:/Users/Rajesh%20Nadiminti/Documents/AED/Project/AED%20Project/src/UserInterface/Receptionist/ManageAppointmentsJPanel.java</file>
            <file>file:/C:/Users/Rajesh%20Nadiminti/Documents/AED/Project/AED%20Project/src/Business/UserAccount/UserAccountDirectory.java</file>
            <file>file:/C:/Users/Rajesh%20Nadiminti/Documents/AED/Project/AED%20Project/src/UserInterface/BloodBank/AddBloodToInventoryJPanel.java</file>
            <file>file:/C:/Users/Rajesh%20Nadiminti/Documents/AED/Project/AED%20Project/src/UserInterface/SysadminReports/MostPopularDoctorJPanel.java</file>
            <file>file:/C:/Users/Rajesh%20Nadiminti/Documents/AED/Project/AED%20Project/src/Business/Enterprise/BloodBank.java</file>
            <file>file:/C:/Users/Rajesh%20Nadiminti/Documents/AED/Project/AED%20Project/src/UserInterface/Patient/PatientWorkAreaJPanel.java</file>
            <file>file:/C:/Users/Rajesh%20Nadiminti/Documents/AED/Project/AED%20Project/src/UserInterface/MainJFrame.java</file>
            <file>file:/C:/Users/Rajesh%20Nadiminti/Documents/AED/Project/AED%20Project/src/UserInterface/Lab/TestRequestJPanel.java</file>
            <file>file:/C:/Users/Rajesh%20Nadiminti/Documents/AED/Project/AED%20Project/src/Business/Patient/Patient.java</file>
            <file>file:/C:/Users/Rajesh%20Nadiminti/Documents/AED/Project/AED%20Project/src/UserInterface/Admin/ManageOrganizationJPanel.java</file>
            <file>file:/C:/Users/Rajesh%20Nadiminti/Documents/AED/Project/AED%20Project/src/UserInterface/Doctor/DoctorWorkAreaJPanel.java</file>
            <file>file:/C:/Users/Rajesh%20Nadiminti/Documents/AED/Project/AED%20Project/src/UserInterface/Doctor/WriteAPrescriptionJPanel.java</file>
            <file>file:/C:/Users/Rajesh%20Nadiminti/Documents/AED/Project/AED%20Project/src/UserInterface/InsuranceCompany/AssignInsuranceJPanel.java</file>
            <file>file:/C:/Users/Rajesh%20Nadiminti/Documents/AED/Project/AED%20Project/src/UserInterface/Lab/LabTestWorkAreaJPanel.java</file>
            <file>file:/C:/Users/Rajesh%20Nadiminti/Documents/AED/Project/AED%20Project/src/UserInterface/Receptionist/AddPatientJPanel.java</file>
            <file>file:/C:/Users/Rajesh%20Nadiminti/Documents/AED/Project/AED%20Project/src/Business/Person/Person.java</file>
            <file>file:/C:/Users/Rajesh%20Nadiminti/Documents/AED/Project/AED%20Project/src/Business/ExportToExcel/ExcelExport.java</file>
            <file>file:/C:/Users/Rajesh%20Nadiminti/Documents/AED/Project/AED%20Project/src/UserInterface/SysadminReports/MostPopularTestJPanel.java</file>
            <file>file:/C:/Users/Rajesh%20Nadiminti/Documents/AED/Project/AED%20Project/src/Business/Role/Role.java</file>
            <file>file:/C:/Users/Rajesh%20Nadiminti/Documents/AED/Project/AED%20Project/src/Business/Appointments/AppointmentDirectory.java</file>
            <file>file:/C:/Users/Rajesh%20Nadiminti/Documents/AED/Project/AED%20Project/src/UserInterface/Doctor/AddVitalSignJPanel.java</file>
            <file>file:/C:/Users/Rajesh%20Nadiminti/Documents/AED/Project/AED%20Project/src/UserInterface/Patient/MyInsuranceJPanel.java</file>
            <file>file:/C:/Users/Rajesh%20Nadiminti/Documents/AED/Project/AED%20Project/src/UserInterface/SysadminReports/ReportsNewJPanel.java</file>
            <file>file:/C:/Users/Rajesh%20Nadiminti/Documents/AED/Project/AED%20Project/src/UserInterface/SystemAdmin/ManageEnterpriseAccessJPanel.java</file>
            <file>file:/C:/Users/Rajesh%20Nadiminti/Documents/AED/Project/AED%20Project/src/Business/Role/AdminRole.java</file>
            <file>file:/C:/Users/Rajesh%20Nadiminti/Documents/AED/Project/AED%20Project/src/Business/BloodRequestQueue/BloodWorkQueue.java</file>
            <file>file:/C:/Users/Rajesh%20Nadiminti/Documents/AED/Project/AED%20Project/src/Business/Role/DoctorRole.java</file>
            <file>file:/C:/Users/Rajesh%20Nadiminti/Documents/AED/Project/AED%20Project/src/UserInterface/Patient/MyProfileJPanel.java</file>
            <file>file:/C:/Users/Rajesh%20Nadiminti/Documents/AED/Project/AED%20Project/src/UserInterface/Laboratory/AddLabTestNewJPanel.java</file>
            <file>file:/C:/Users/Rajesh%20Nadiminti/Documents/AED/Project/AED%20Project/src/Business/Enterprise/EnterpriseDirectory.java</file>
            <file>file:/C:/Users/Rajesh%20Nadiminti/Documents/AED/Project/AED%20Project/src/Business/Patient/PatientDirectory.java</file>
            <file>file:/C:/Users/Rajesh%20Nadiminti/Documents/AED/Project/AED%20Project/src/UserInterface/Patient/CallTheAmbulanceJPanel.java</file>
            <file>file:/C:/Users/Rajesh%20Nadiminti/Documents/AED/Project/AED%20Project/src/UserInterface/Admin/ManageEmployeeJPanel.java</file>
            <file>file:/C:/Users/Rajesh%20Nadiminti/Documents/AED/Project/AED%20Project/src/Business/BloodRequestQueue/BloodWorkRequest.java</file>
            <file>file:/C:/Users/Rajesh%20Nadiminti/Documents/AED/Project/AED%20Project/src/UserInterface/Receptionist/BookAppointmentsJPanel.java</file>
            <file>file:/C:/Users/Rajesh%20Nadiminti/Documents/AED/Project/AED%20Project/src/UserInterface/Lab/ViewLabReportsJPanel.java</file>
            <file>file:/C:/Users/Rajesh%20Nadiminti/Documents/AED/Project/AED%20Project/src/Business/Organization/LabOrganization.java</file>
            <file>file:/C:/Users/Rajesh%20Nadiminti/Documents/AED/Project/AED%20Project/src/Business/Db4OUtil/DB4OUtil.java</file>
            <file>file:/C:/Users/Rajesh%20Nadiminti/Documents/AED/Project/AED%20Project/src/UserInterface/Admin/AdminWorkAreaJPanel.java</file>
            <file>file:/C:/Users/Rajesh%20Nadiminti/Documents/AED/Project/AED%20Project/src/UserInterface/Pharmacy/ManageDrugInventoryJPanel.java</file>
            <file>file:/C:/Users/Rajesh%20Nadiminti/Documents/AED/Project/AED%20Project/src/UserInterface/Doctor/CheckforAppointmentsJPanel.java</file>
            <file>file:/C:/Users/Rajesh%20Nadiminti/Documents/AED/Project/AED%20Project/src/UserInterface/Receptionist/PatientUserAccountJPanel.java</file>
            <file>file:/C:/Users/Rajesh%20Nadiminti/Documents/AED/Project/AED%20Project/src/Business/LabTestList/LabTest.java</file>
            <file>file:/C:/Users/Rajesh%20Nadiminti/Documents/AED/Project/AED%20Project/src/Business/Organization/DoctorOrganization.java</file>
        </group>
    </open-files>
</project-private>
